{"cameraMode":{"drawMode":0,"name":"Shaded","section":"Shading Mode"},"sceneLighting":false,"audioPlay":false,"sceneViewState":{"showFog":true,"showMaterialUpdate":true,"showSkybox":false,"showFlares":true,"showImageEffects":true,"showParticleSystems":true},"in2DMode":false,"pivot":{"x":0.3569581210613251,"y":0.04693719744682312,"z":-0.047339729964733127},"rotation":{"x":0.6909713745117188,"y":-0.008673758246004582,"z":0.008293305523693562,"w":0.7227870225906372},"size":0.9154383540153503,"orthographic":false}