{"cameraMode":{"drawMode":0,"name":"Shaded","section":"Shading Mode"},"sceneLighting":true,"audioPlay":false,"sceneViewState":{"showFog":true,"showMaterialUpdate":true,"showSkybox":true,"showFlares":true,"showImageEffects":true,"showParticleSystems":true},"in2DMode":false,"pivot":{"x":-17.558692932128908,"y":-79.39521026611328,"z":84.06641387939453},"rotation":{"x":0.35980430245399477,"y":-0.09076158702373505,"z":0.03519252687692642,"w":0.9279379844665527},"size":90.8884048461914,"orthographic":false}