{"cameraMode":{"drawMode":0,"name":"Shaded","section":"Shading Mode"},"sceneLighting":true,"audioPlay":false,"sceneViewState":{"showFog":true,"showMaterialUpdate":true,"showSkybox":true,"showFlares":true,"showImageEffects":true,"showParticleSystems":true},"in2DMode":false,"pivot":{"x":-0.12000000476837158,"y":14.100000381469727,"z":16.05000114440918},"rotation":{"x":0.28339624404907229,"y":0.02013714797794819,"z":-0.005952190142124891,"w":0.95877605676651},"size":27.277809143066408,"orthographic":false}