{"cameraMode":{"drawMode":0,"name":"Shaded","section":"Shading Mode"},"sceneLighting":true,"audioPlay":false,"sceneViewState":{"showFog":true,"showMaterialUpdate":true,"showSkybox":true,"showFlares":true,"showImageEffects":true,"showParticleSystems":true},"in2DMode":false,"pivot":{"x":5.180839538574219,"y":29.950016021728517,"z":190.29010009765626},"rotation":{"x":0.35980430245399477,"y":-0.09076158702373505,"z":0.03519252687692642,"w":0.9279379844665527},"size":134.8243408203125,"orthographic":false}