{"cameraMode":{"drawMode":0,"name":"Shaded","section":"Shading Mode"},"sceneLighting":false,"audioPlay":false,"sceneViewState":{"showFog":false,"showMaterialUpdate":false,"showSkybox":false,"showFlares":false,"showImageEffects":false,"showParticleSystems":false},"in2DMode":false,"pivot":{"x":31.111297607421876,"y":152.1104736328125,"z":273.519775390625},"rotation":{"x":0.3561963140964508,"y":-0.6408108472824097,"z":0.4406645596027374,"w":0.5179860591888428},"size":19.523340225219728,"orthographic":true}