{"cameraMode":{"drawMode":0,"name":"Shaded","section":"Shading Mode"},"sceneLighting":false,"audioPlay":false,"sceneViewState":{"showFog":true,"showMaterialUpdate":true,"showSkybox":false,"showFlares":true,"showImageEffects":true,"showParticleSystems":true},"in2DMode":false,"pivot":{"x":-0.0013270378112792969,"y":0.8600823879241943,"z":-0.3082478642463684},"rotation":{"x":0.312863826751709,"y":-0.5917195677757263,"z":0.2670173943042755,"w":0.6933175921440125},"size":1.263206124305725,"orthographic":false}