{"cameraMode":{"drawMode":0,"name":"Shaded","section":"Shading Mode"},"sceneLighting":false,"audioPlay":false,"sceneViewState":{"showFog":true,"showMaterialUpdate":true,"showSkybox":false,"showFlares":true,"showImageEffects":true,"showParticleSystems":true},"in2DMode":false,"pivot":{"x":0.00000762939453125,"y":30.00959587097168,"z":0.00002288818359375},"rotation":{"x":0.35980430245399477,"y":-0.09076158702373505,"z":0.03519252687692642,"w":0.9279379844665527},"size":60.32766342163086,"orthographic":false}