{"cameraMode":{"drawMode":0,"name":"Shaded","section":"Shading Mode"},"sceneLighting":false,"audioPlay":false,"sceneViewState":{"showFog":true,"showMaterialUpdate":true,"showSkybox":false,"showFlares":true,"showImageEffects":true,"showParticleSystems":true},"in2DMode":false,"pivot":{"x":49.87241744995117,"y":-4.868783950805664,"z":-75.59619140625},"rotation":{"x":0.29157865047454836,"y":-0.055917467921972278,"z":0.017078198492527009,"w":0.9547635316848755},"size":0.4981440305709839,"orthographic":false}