{"cameraMode":{"drawMode":0,"name":"Shaded","section":"Shading Mode"},"sceneLighting":false,"audioPlay":false,"sceneViewState":{"showFog":true,"showMaterialUpdate":true,"showSkybox":false,"showFlares":true,"showImageEffects":true,"showParticleSystems":true},"in2DMode":false,"pivot":{"x":-0.7329898476600647,"y":0.8110817074775696,"z":-0.7637991309165955},"rotation":{"x":0.0055382512509822849,"y":-0.9697906970977783,"z":0.24288016557693482,"w":0.022111061960458757},"size":1.5632061958312989,"orthographic":false}