{"cameraMode":{"drawMode":0,"name":"Shaded","section":"Shading Mode"},"sceneLighting":false,"audioPlay":false,"sceneViewState":{"showFog":true,"showMaterialUpdate":true,"showSkybox":false,"showFlares":true,"showImageEffects":true,"showParticleSystems":true},"in2DMode":false,"pivot":{"x":-126.85289001464844,"y":5.0,"z":122.16720581054688},"rotation":{"x":0.36003097891807558,"y":-0.020988762378692628,"z":0.00810207799077034,"w":0.9326713681221008},"size":12.247448921203614,"orthographic":false}