{"cameraMode":{"drawMode":0,"name":"Shaded","section":"Shading Mode"},"sceneLighting":false,"audioPlay":false,"sceneViewState":{"showFog":true,"showMaterialUpdate":true,"showSkybox":false,"showFlares":true,"showImageEffects":true,"showParticleSystems":true},"in2DMode":false,"pivot":{"x":0.3569581210613251,"y":0.04693719744682312,"z":-0.047339729964733127},"rotation":{"x":-0.0457630529999733,"y":-0.9359276294708252,"z":0.32308778166770937,"w":-0.1325644999742508},"size":0.6154383420944214,"orthographic":false}