{"cameraMode":{"drawMode":0,"name":"Shaded","section":"Shading Mode"},"sceneLighting":false,"audioPlay":false,"sceneViewState":{"showFog":true,"showMaterialUpdate":true,"showSkybox":false,"showFlares":true,"showImageEffects":true,"showParticleSystems":true},"in2DMode":false,"pivot":{"x":0.0,"y":1.148146390914917,"z":0.028115734457969667},"rotation":{"x":0.312863826751709,"y":-0.5917195677757263,"z":0.2670173943042755,"w":0.6933175921440125},"size":1.3543709516525269,"orthographic":false}