{"cameraMode":{"drawMode":0,"name":"Shaded","section":"Shading Mode"},"sceneLighting":false,"audioPlay":false,"sceneViewState":{"showFog":true,"showMaterialUpdate":true,"showSkybox":false,"showFlares":true,"showImageEffects":true,"showParticleSystems":true},"in2DMode":false,"pivot":{"x":12.074859619140625,"y":-1.7757148742675782,"z":59.95537567138672},"rotation":{"x":0.312863826751709,"y":-0.5917195677757263,"z":0.2670173943042755,"w":0.6933175921440125},"size":139.18887329101563,"orthographic":false}