{"cameraMode":{"drawMode":0,"name":"Shaded","section":"Shading Mode"},"sceneLighting":false,"audioPlay":false,"sceneViewState":{"showFog":true,"showMaterialUpdate":true,"showSkybox":false,"showFlares":true,"showImageEffects":true,"showParticleSystems":true},"in2DMode":false,"pivot":{"x":0.0009168684482574463,"y":-0.1784048080444336,"z":0.23253627121448518},"rotation":{"x":0.3764515817165375,"y":-0.5913646221160889,"z":0.36248600482940676,"w":0.6141491532325745},"size":0.3964250981807709,"orthographic":false}