{"cameraMode":{"drawMode":0,"name":"Shaded","section":"Shading Mode"},"sceneLighting":false,"audioPlay":false,"sceneViewState":{"showFog":true,"showMaterialUpdate":true,"showSkybox":false,"showFlares":true,"showImageEffects":true,"showParticleSystems":true},"in2DMode":false,"pivot":{"x":-0.00208967924118042,"y":0.0904143750667572,"z":-0.12715482711791993},"rotation":{"x":0.4624568521976471,"y":-0.5364915728569031,"z":0.47568753361701968,"w":0.5215696692466736},"size":8.720441818237305,"orthographic":false}